customer,first_name,last_name,region,email,gender,order
1,Hagen,Everwin,United States,heverwin0@indiatimes.com,Male,1
2,Murray,Meugens,Spain,mmeugens1@php.net,Male,318.25
3,Glen,McPhillips,United States,gmcphillips2@symantec.com,Male,6580.55
4,Bryon,Ruben,Brazil,bruben3@jalbum.net,Male,6808.62
5,Jory,Combes,Spain,jcombes4@fc2.com,Male,3993.21
6,Ly,Walthew,Thailand,lwalthew5@foxnews.com,Male,1385.54
7,Neron,McPartling,Brazil,nmcpartling6@thetimes.co.uk,Male,3574.12
8,Base,Leverett,Brazil,bleverett7@nasa.gov,Male,4576.86
9,Burton,Yegorkin,United States,byegorkin8@census.gov,Male,6348.88
10,Ardelle,Esp,Brazil,aesp9@google.com.br,Female,9355.18
11,Gilburt,McTaggart,United States,gmctaggarta@devhub.com,Male,6466.77
12,Carrissa,Laugharne,United States,claugharneb@ycombinator.com,Female,7881.48
13,Glenden,Antrum,United States,gantrumc@drupal.org,Male,6075.76
14,Rebecka,O'Kennedy,Thailand,rokennedyd@youku.com,Female,5544.72
15,Lorilyn,Willoway,Brazil,lwillowaye@shareasale.com,Female,6564.74
16,Penrod,Johnikin,United States,pjohnikinf@cafepress.com,Male,8288.46
17,Ellsworth,Self,Brazil,eselfg@globo.com,Male,8144.46
18,Fredric,Morstatt,Brazil,fmorstatth@twitter.com,Male,1396.19
19,Gilberto,Ninnis,Spain,gninnisi@reverbnation.com,Male,625.59
20,Sarene,Cull,Brazil,scullj@hostgator.com,Female,3983.79
21,Boycie,Brinkworth,Brazil,bbrinkworthk@addthis.com,Male,428.34
22,Rhonda,McTurk,Brazil,rmcturkl@123-reg.co.uk,Female,5067.43
23,Perice,Doggart,Brazil,pdoggartm@ehow.com,Male,4448.02
24,Cilka,Hardacre,Brazil,chardacren@wunderground.com,Female,7071.7
25,Rabbi,Lochead,Brazil,rlocheado@guardian.co.uk,Male,6531.21
26,Guido,Jirousek,United States,gjirousekp@canalblog.com,Male,9356.47
27,Sanders,Tredger,Brazil,stredgerq@smugmug.com,Male,6968.69
28,Nicolai,Sinott,United States,nsinottr@nature.com,Male,9550.12
29,Caz,Pierton,Brazil,cpiertons@livejournal.com,Male,499.06
30,Clarence,Pickvance,Brazil,cpickvancet@bluehost.com,Male,8415.42
31,Obie,Pleager,Brazil,opleageru@vistaprint.com,Male,9272.85
32,Ari,Arlet,Thailand,aarletv@house.gov,Male,8974.38
33,Zedekiah,Bust,United States,zbustw@bbb.org,Male,6322.59
34,Harri,Sigart,Brazil,hsigartx@purevolume.com,Female,8614.03
35,Trenna,Luck,United States,tlucky@blogger.com,Female,8532.06
36,Saraann,Jozsef,United States,sjozsefz@timesonline.co.uk,Female,7323.15
37,Nadia,MacKay,Spain,nmackay10@quantcast.com,Female,8743.47
38,Hewet,Mackness,United States,hmackness11@posterous.com,Male,1661.9
39,Scotti,Guillerman,Brazil,sguillerman12@bizjournals.com,Male,9405.1
40,Fidela,Egle,Brazil,fegle13@fda.gov,Female,4786.1
41,Goober,Tordiffe,Brazil,gtordiffe14@freewebs.com,Male,6954.94
42,Rici,Spat,Thailand,rspat15@w3.org,Female,3628.73
43,Montgomery,Yedall,United States,myedall16@squidoo.com,Male,6157.76
44,Tabor,Gaven,Thailand,tgaven17@nasa.gov,Male,9051.84
45,Tailor,Fairy,United States,tfairy18@hexun.com,Male,6093.01
46,Tyler,Verni,Australia,tverni19@mapquest.com,Male,3904.8
47,Kenny,Carpenter,Thailand,kcarpenter1a@npr.org,Male,2677.7
48,Aguie,Pallent,Australia,apallent1b@hp.com,Male,1076.34
49,Jennee,Casina,Thailand,jcasina1c@de.vu,Female,7773.03
50,Bianca,Frear,United States,bfrear1d@marketwatch.com,Female,3882.42
51,Rouvin,Strangeways,Thailand,rstrangeways1e@ameblo.jp,Male,6089.04
52,Nickie,Cheek,Brazil,ncheek1f@cnbc.com,Male,9362.71
53,Guntar,Hannigane,Brazil,ghannigane1g@rakuten.co.jp,Male,2051.89
54,Garv,John,Brazil,gjohn1h@instagram.com,Male,3733.74
55,Bertine,Lattimore,Brazil,blattimore1i@xing.com,Female,6266.3
56,Brandtr,Prichet,United States,bprichet1j@irs.gov,Male,2475.91
57,Brian,Spare,Brazil,bspare1k@bbb.org,Male,8917.67
58,Orel,Abbess,Thailand,oabbess1l@seattletimes.com,Female,5527.89
59,Fidel,Piris,Brazil,fpiris1m@mozilla.com,Male,3380.93
60,Romonda,Serraillier,Thailand,rserraillier1n@symantec.com,Female,1906.21
61,Giana,Eloi,Brazil,geloi1o@chron.com,Female,9366.55
62,Rori,Dollard,United States,rdollard1p@addtoany.com,Female,1019.79
63,Tynan,Sandwich,United States,tsandwich1q@google.com.br,Male,2176.05
64,Wyn,Krimmer,Brazil,wkrimmer1r@arizona.edu,Male,951.98
65,Urbano,O'Looney,Brazil,uolooney1s@biblegateway.com,Male,8647.76
66,Udale,Shernock,United States,ushernock1t@netscape.com,Male,5090.29
67,Wesley,Youd,Brazil,wyoud1u@cyberchimps.com,Male,354.1
68,Catriona,Pracy,Brazil,cpracy1v@fema.gov,Female,7844.18
69,Lianne,Boni,Brazil,lboni1w@house.gov,Female,4174.53
70,Valentin,Ovanesian,Thailand,vovanesian1x@smugmug.com,Male,480.33
71,Heinrik,Swinburn,Brazil,hswinburn1y@scribd.com,Male,7634.42
72,Edmon,Pallaske,Thailand,epallaske1z@ihg.com,Male,9094.45
73,Harrison,Brittles,Thailand,hbrittles20@tripod.com,Male,9203.3
74,Rene,Harrell,United States,rharrell21@google.co.jp,Female,6603.92
75,Berny,Vickars,Thailand,bvickars22@jigsy.com,Male,7352.9
76,Dion,Aers,Brazil,daers23@domainmarket.com,Male,8781.73
77,Caitlin,Ogger,Brazil,cogger24@bizjournals.com,Female,1815.6
78,Birgit,Ivashinnikov,Brazil,bivashinnikov25@reference.com,Female,9261.37
79,Kev,Bikker,United States,kbikker26@smugmug.com,Male,535.3
80,Rossie,Sellen,United States,rsellen27@google.ca,Male,5122.54
81,Brannon,Over,United States,bover28@icq.com,Male,6543.35
82,Martha,Toderi,United States,mtoderi29@google.ca,Female,546.7
83,Elisabeth,Gadsdon,United States,egadsdon2a@geocities.com,Female,3671.41
84,Felipe,Thornbarrow,Brazil,fthornbarrow2b@creativecommons.org,Male,7704.11
85,Grange,Roche,Brazil,groche2c@cnn.com,Male,1611.71
86,Daveta,Wisher,United States,dwisher2d@over-blog.com,Female,9824.26
87,Koenraad,Veschambre,United States,kveschambre2e@infoseek.co.jp,Male,5431.63
88,Bili,Wilsone,Thailand,bwilsone2f@nature.com,Female,9635.36
89,Shari,Colum,Brazil,scolum2g@mashable.com,Female,9072.01
90,Dalt,Hertwell,Thailand,dhertwell2h@blogspot.com,Male,9585.88
91,Stevie,Malcolm,Brazil,smalcolm2i@harvard.edu,Male,1642.45
92,Evangelina,Dietzler,United States,edietzler2j@blogger.com,Female,4844.28
93,Amble,Tredwell,Brazil,atredwell2k@who.int,Male,7502.64
94,Bernetta,Meneely,Brazil,bmeneely2l@hud.gov,Female,9511.18
95,Zebadiah,Cathrae,United States,zcathrae2m@harvard.edu,Male,5500.72
96,Darla,Swiers,Brazil,dswiers2n@liveinternet.ru,Female,1751.06
97,Daron,Fried,Brazil,dfried2o@patch.com,Female,8306.88
98,Iggie,Gaveltone,Brazil,igaveltone2p@whitehouse.gov,Male,3151.16
99,Luke,Halden,United States,lhalden2q@topsy.com,Male,6855.25
100,Crystie,Musto,United States,cmusto2r@dion.ne.jp,Female,4113.06
101,Aurea,MattiCCI,United States,amatticci2s@hostgator.com,Female,8870.89
102,Enriqueta,Inold,Brazil,einold2t@virginia.edu,Female,2355.51
103,Perry,Routhorn,United States,prouthorn2u@lulu.com,Female,4721.72
104,Cristiano,Loder,Thailand,cloder2v@uiuc.edu,Male,6559.74
105,Krystle,Lightbown,Thailand,klightbown2w@buzzfeed.com,Female,7813.04
106,Valdemar,McVie,Brazil,vmcvie2x@sphinn.com,Male,6243.99
107,Iggie,Baldinotti,United States,ibaldinotti2y@cbslocal.com,Male,5262.28
108,Dell,Lawrenson,Brazil,dlawrenson2z@reverbnation.com,Female,7246.84
109,Homerus,Jennison,Brazil,hjennison30@mayoclinic.com,Male,6301.9
110,Jaime,O'Griffin,Brazil,jogriffin31@tinyurl.com,Female,7775.5
111,Phillida,Storton,United States,pstorton32@printfriendly.com,Female,2416.73
112,Rod,Ripping,United States,rripping33@networksolutions.com,Male,9999.53
113,Hedvige,Kubat,Spain,hkubat34@wp.com,Female,4597.78
114,Sarah,Haizelden,Thailand,shaizelden35@google.ca,Female,1118.82
115,Boyce,Baselli,Brazil,bbaselli36@apple.com,Male,7628.01
116,Agna,Bauman,Brazil,abauman37@chron.com,Female,391.52
117,Terese,Blindt,Brazil,tblindt38@addthis.com,Female,9969.42
118,Ronnie,Walisiak,Thailand,rwalisiak39@hubpages.com,Female,3395.99
119,Hattie,Spelsbury,Brazil,hspelsbury3a@blogger.com,Female,8533.94
120,Raychel,Mathon,Thailand,rmathon3b@ca.gov,Female,262.66
121,Johnathon,Westhofer,Brazil,jwesthofer3c@dell.com,Male,9589.95
122,Mariele,Chicco,United States,mchicco3d@cmu.edu,Female,6621.34
123,Elenore,Ferryman,Thailand,eferryman3e@house.gov,Female,2044.5
124,Mervin,Bardwall,United States,mbardwall3f@amazon.co.jp,Male,7676.29
125,Huey,Ciccarello,Brazil,hciccarello3g@tiny.cc,Male,385.4
126,Stavros,Westlake,Brazil,swestlake3h@prnewswire.com,Male,2715.33
127,Abran,Offner,United States,aoffner3i@domainmarket.com,Male,399.22
128,Jaquenette,Munton,Spain,jmunton3j@illinois.edu,Female,851.42
129,Levi,MacGille,Brazil,lmacgille3k@youtube.com,Male,5422.13
130,Chere,Fardo,Brazil,cfardo3l@bloglines.com,Female,4008.51
131,Tam,Wingate,United States,twingate3m@google.nl,Male,332.44
132,Olvan,Sally,Brazil,osally3n@dailymail.co.uk,Male,2612.35
133,Cristin,Petera,Brazil,cpetera3o@sfgate.com,Female,1351.97
134,Birgit,Armal,Brazil,barmal3p@tripod.com,Female,1845.97
135,Olav,Realph,United States,orealph3q@tiny.cc,Male,8724.98
136,Bella,Beningfield,Thailand,bbeningfield3r@ihg.com,Female,3597.14
137,Alexa,Hearnden,Thailand,ahearnden3s@lycos.com,Female,5347.73
138,Giffard,Kopps,Brazil,gkopps3t@ycombinator.com,Male,9606.09
139,Skippie,Shakelady,Brazil,sshakelady3u@webnode.com,Male,9880.82
140,Calvin,Plail,Thailand,cplail3v@skyrock.com,Male,141.75
141,Rouvin,Ivanenko,Brazil,rivanenko3w@blogspot.com,Male,1974.35
142,Cornall,Rozea,Brazil,crozea3x@sohu.com,Male,1205.75
143,Josh,Scrivner,Brazil,jscrivner3y@walmart.com,Male,9552.69
144,Papageno,Laurant,Spain,plaurant3z@theglobeandmail.com,Male,9128.09
145,Amalie,Breckwell,Brazil,abreckwell40@nytimes.com,Female,7489.03
146,Erskine,Janu,Brazil,ejanu41@answers.com,Male,3713.8
147,Moll,Seymour,Thailand,mseymour42@mail.ru,Female,6540.45
148,Filip,Rolf,United States,frolf43@infoseek.co.jp,Male,6199.64
149,Lindon,Saffell,Brazil,lsaffell44@exblog.jp,Male,8848.48
150,Eddy,Stollmeyer,United States,estollmeyer45@cmu.edu,Male,1234.24
151,Eward,Bangle,United States,ebangle46@fc2.com,Male,7673.99
152,Kristian,Davidescu,Brazil,kdavidescu47@unblog.fr,Male,3378.87
153,Leta,Frankes,Brazil,lfrankes48@jimdo.com,Female,330.38
154,Malvin,Stroyan,United States,mstroyan49@cbc.ca,Male,5769.38
155,Bay,Naptin,United States,bnaptin4a@miitbeian.gov.cn,Male,1821.9
156,Lucina,I'anson,United States,lianson4b@guardian.co.uk,Female,5117.56
157,Dallas,Smalcombe,Thailand,dsmalcombe4c@theatlantic.com,Male,6636.99
158,Warner,Sowte,Thailand,wsowte4d@bing.com,Male,3027.82
159,Sal,Palser,Thailand,spalser4e@amazon.de,Male,664.06
160,Gibby,Canepe,Brazil,gcanepe4f@cargocollective.com,Male,7773.65
161,Burty,Rastall,Thailand,brastall4g@paypal.com,Male,367.26
162,Beauregard,Spaven,Thailand,bspaven4h@plala.or.jp,Male,2634.52
163,Ardine,Cestard,Brazil,acestard4i@prweb.com,Female,6972.8
164,Menard,Viste,United States,mviste4j@alibaba.com,Male,946.49
165,Jacenta,Vanyushin,United States,jvanyushin4k@github.io,Female,6705.64
166,Rickert,Dunniom,Brazil,rdunniom4l@spotify.com,Male,9738.87
167,Marianna,Scatchard,Thailand,mscatchard4m@mapy.cz,Female,1754.06
168,Cross,Clayworth,United States,cclayworth4n@ibm.com,Male,139.97
169,Devland,Jerram,Brazil,djerram4o@engadget.com,Male,896.01
170,Towny,Cutsforth,Brazil,tcutsforth4p@wikia.com,Male,2802
171,Deerdre,Durban,Brazil,ddurban4q@eventbrite.com,Female,3945.18
172,Morris,Barritt,Brazil,mbarritt4r@abc.net.au,Male,7055.81
173,Aguie,Cosgrave,Thailand,acosgrave4s@mit.edu,Male,9606.19
174,Fredi,July,Brazil,fjuly4t@timesonline.co.uk,Female,2126.56
175,Fleurette,Drury,Thailand,fdrury4u@shareasale.com,Female,3901.74
176,Jeffrey,Epilet,United States,jepilet4v@phoca.cz,Male,2561.57
177,Demott,Hearnaman,Thailand,dhearnaman4w@nih.gov,Male,9182.64
178,Penelopa,Landre,Brazil,plandre4x@multiply.com,Female,5235.47
179,Abby,Eusden,Brazil,aeusden4y@hhs.gov,Male,1693.97
180,Saundra,Labbet,Brazil,slabbet4z@tmall.com,Male,5806.19
181,Meta,Jedrzejewski,Thailand,mjedrzejewski50@wp.com,Female,9745.15
182,Risa,Cammis,Brazil,rcammis51@time.com,Female,7629.66
183,Bibbye,Brounfield,Brazil,bbrounfield52@usda.gov,Female,8420.83
184,Ardis,McCleod,Thailand,amccleod53@shinystat.com,Female,2020.06
185,Maurise,Megahey,Thailand,mmegahey54@nymag.com,Male,6098.45
186,Christine,Switland,United States,cswitland55@reverbnation.com,Female,9329.51
187,Tiffany,Powers,Brazil,tpowers56@java.com,Female,3339.76
188,Uriel,Gonoude,Brazil,ugonoude57@ed.gov,Male,6715.48
189,Kayne,Brereton,United States,kbrereton58@wp.com,Male,1988.12
190,Boris,Scanlan,Brazil,bscanlan59@photobucket.com,Male,6654.29
191,Randell,Gilligan,Brazil,rgilligan5a@newyorker.com,Male,5147.96
192,Harlie,Giraudoux,Brazil,hgiraudoux5b@facebook.com,Female,3823.61
193,Kali,Lisciandro,Brazil,klisciandro5c@imageshack.us,Female,7580.59
194,Inger,MacGuffie,Australia,imacguffie5d@home.pl,Female,2962.26
195,Alena,Sinderland,Brazil,asinderland5e@lycos.com,Female,9491.91
196,Annis,Emsden,United States,aemsden5f@google.com.au,Female,8192.77
197,Lin,Jeschner,Brazil,ljeschner5g@senate.gov,Male,9401.32
198,Rivy,Ferraretto,Brazil,rferraretto5h@hud.gov,Female,7919.98
199,Davide,Palomba,Spain,dpalomba5i@istockphoto.com,Male,4044.25
200,Domingo,Mateescu,Brazil,dmateescu5j@nifty.com,Male,9483.52
201,Chan,Macieiczyk,Brazil,cmacieiczyk5k@51.la,Male,2156.18
202,Normie,Blaycock,Brazil,nblaycock5l@hatena.ne.jp,Male,3202.92
203,Renado,Tames,United States,rtames5m@bing.com,Male,5312.15
204,Ingmar,Arpino,Brazil,iarpino5n@tinyurl.com,Male,3055.79
205,Skip,Villiers,Brazil,svilliers5o@yellowpages.com,Male,138.03
206,Jillane,Thrasher,United States,jthrasher5p@cdc.gov,Female,2293.99
207,Garwin,Lubman,Thailand,glubman5q@sbwire.com,Male,9269.87
208,Adi,Balogun,Brazil,abalogun5r@ed.gov,Female,5545.89
209,Iolande,Iskow,United States,iiskow5s@tripod.com,Female,4365.38
210,Virgilio,Killen,Spain,vkillen5t@mac.com,Male,9832.84
211,Thatcher,Abramovici,Brazil,tabramovici5u@a8.net,Male,8959.24
212,Agnola,Meggison,Brazil,ameggison5v@xinhuanet.com,Female,6642.14
213,Jilly,Rustich,United States,jrustich5w@pinterest.com,Female,5483.08
214,Adore,Marcinkowski,Brazil,amarcinkowski5x@ebay.com,Female,5771.59
215,Bing,Batstone,Brazil,bbatstone5y@paypal.com,Male,5378.14
216,Lorelle,MacFadzean,Brazil,lmacfadzean5z@omniture.com,Female,1917.34
217,Teddie,Ziebart,Brazil,tziebart60@xing.com,Female,6471.83
218,Bonni,Orleton,Brazil,borleton61@github.com,Female,5770.7
219,Melantha,Cargon,United States,mcargon62@google.cn,Female,6936.74
220,Gleda,Kissack,Brazil,gkissack63@gov.uk,Female,761.96
221,Cornell,Albone,Brazil,calbone64@shinystat.com,Male,6896.21
222,Avie,Fardoe,Brazil,afardoe65@bing.com,Female,2682.71
223,Darci,Ferreli,Spain,dferreli66@mozilla.org,Female,6953.25
224,Jasmin,Barthel,Brazil,jbarthel67@jigsy.com,Female,5115.77
225,Kelby,Scarr,Brazil,kscarr68@google.com.br,Male,9438.2
226,Abraham,Benzie,United States,abenzie69@1und1.de,Male,6208.69
227,Julius,Bolter,Brazil,jbolter6a@cpanel.net,Male,2793.37
228,Stillman,Wycherley,Thailand,swycherley6b@google.cn,Male,8041.48
229,Elka,Prodrick,Brazil,eprodrick6c@jiathis.com,Female,6922.72
230,Rodrigo,Dowyer,Brazil,rdowyer6d@usgs.gov,Male,9230.73
231,Martie,Skule,Brazil,mskule6e@fema.gov,Male,1522.03
232,Dimitry,MacVean,Brazil,dmacvean6f@pen.io,Male,1611.42
233,Cicily,Paliser,Brazil,cpaliser6g@nps.gov,Female,7707.38
234,Honey,Willgoss,United States,hwillgoss6h@networksolutions.com,Female,6857.53
235,Sybilla,Crosson,Brazil,scrosson6i@dropbox.com,Female,2912.38
236,Yul,Denslow,United States,ydenslow6j@artisteer.com,Male,4474.79
237,Yorker,Haydn,Brazil,yhaydn6k@ebay.com,Male,1550.99
238,Lemmie,Brentnall,Brazil,lbrentnall6l@goodreads.com,Male,6764.14
239,Meriel,Brabant,Brazil,mbrabant6m@jimdo.com,Female,4684.65
240,Bibbye,Keeting,Thailand,bkeeting6n@marriott.com,Female,5789.33
241,Jonie,Banbrick,Brazil,jbanbrick6o@slashdot.org,Female,6860.18
242,Tristan,Herity,Brazil,therity6p@g.co,Male,7704.73
243,Cam,Laybourne,Brazil,claybourne6q@ovh.net,Female,7699.46
244,Kylen,Gewer,United States,kgewer6r@mapy.cz,Female,4995.9
245,Chrotoem,Janecek,Brazil,cjanecek6s@webs.com,Male,5011.26
246,Cirilo,Dearn,Brazil,cdearn6t@toplist.cz,Male,1706.3
247,Ulrich,Ackwood,United States,uackwood6u@geocities.jp,Male,4891.34
248,Fraser,Blakeway,Brazil,fblakeway6v@hugedomains.com,Male,7954.54
249,Rasia,Ackwood,Brazil,rackwood6w@dailymotion.com,Female,8801.6
250,Ashia,Matuska,United States,amatuska6x@flavors.me,Female,6064.08
251,Dalis,Moogan,United States,dmoogan6y@adobe.com,Male,9543.98
252,Darn,Everly,United States,deverly6z@hc360.com,Male,2313.41
253,Isabel,Labadini,Brazil,ilabadini70@twitpic.com,Female,9418.12
254,Kendall,Breit,Brazil,kbreit71@weather.com,Male,8226.72
255,Aguistin,Bothram,Spain,abothram72@ustream.tv,Male,8366.68
256,Marina,McQuaide,United States,mmcquaide73@webeden.co.uk,Female,2456.59
257,Aldus,Mullin,Brazil,amullin74@who.int,Male,3646.25
258,Justino,Filer,Brazil,jfiler75@walmart.com,Male,3741.55
259,Heloise,Kenyam,Brazil,hkenyam76@nyu.edu,Female,3643.75
260,Katrine,Trace,Brazil,ktrace77@miitbeian.gov.cn,Female,5784.69
261,Felita,Darbon,Brazil,fdarbon78@csmonitor.com,Female,2796.17
262,Niven,Accomb,Thailand,naccomb79@domainmarket.com,Male,1791.74
263,Huey,Martt,Brazil,hmartt7a@google.com.hk,Male,5398.82
264,Cristie,Rime,Brazil,crime7b@ask.com,Female,6963.78
265,Beauregard,Banton,Brazil,bbanton7c@360.cn,Male,9378.23
266,Maxy,Hastwell,United States,mhastwell7d@usatoday.com,Male,9939.43
267,Fredi,Wallen,Brazil,fwallen7e@uiuc.edu,Female,2832.07
268,Gloriane,Jeanneau,Brazil,gjeanneau7f@weebly.com,Female,1293.06
269,Jimmie,Simkovitz,Thailand,jsimkovitz7g@timesonline.co.uk,Male,1834.05
270,Giusto,Cliburn,United States,gcliburn7h@google.fr,Male,663.89
271,Cass,Gallymore,Thailand,cgallymore7i@t.co,Female,4695.62
272,Rora,Nathon,United States,rnathon7j@flavors.me,Female,8210.46
273,Joshuah,Tukesby,Thailand,jtukesby7k@irs.gov,Male,5724.86
274,Tristan,Oxberry,Brazil,toxberry7l@columbia.edu,Male,8232.83
275,Elihu,Musicka,United States,emusicka7m@mashable.com,Male,8236.9
276,Dorena,MacAulay,Brazil,dmacaulay7n@intel.com,Female,3456.52
277,Bellanca,Seyfart,Brazil,bseyfart7o@sina.com.cn,Female,4846.63
278,Zachariah,Olyonov,Brazil,zolyonov7p@gmpg.org,Male,701.68
279,Randolf,Bickerton,Brazil,rbickerton7q@hubpages.com,Male,8075.26
280,Jobye,Lodford,Brazil,jlodford7r@deliciousdays.com,Female,2398.18
281,Bogey,Hurche,Brazil,bhurche7s@nytimes.com,Male,7666.99
282,Martita,Nacey,Brazil,mnacey7t@cbc.ca,Female,1156.47
283,Ronnie,Aikenhead,Brazil,raikenhead7u@gizmodo.com,Female,2887.78
284,Modesty,Bauduin,Brazil,mbauduin7v@sogou.com,Female,9326.46
285,Edlin,Pollard,United States,epollard7w@nhs.uk,Male,8202.96
286,Othella,Nettles,Brazil,onettles7x@stumbleupon.com,Female,851.82
287,Delmor,Antrobus,Brazil,dantrobus7y@surveymonkey.com,Male,4491.44
288,Brinn,Readie,United States,breadie7z@umich.edu,Female,6432.81
289,Joceline,Bader,Brazil,jbader80@jugem.jp,Female,5845.14
290,Idalina,Schoffler,Brazil,ischoffler81@elpais.com,Female,6811.48
291,Any,Byles,Brazil,abyles82@4shared.com,Male,8399.97
292,Ryley,Vonasek,United States,rvonasek83@freewebs.com,Male,9587.2
293,Kassandra,Gliddon,United States,kgliddon84@geocities.jp,Female,8858.39
294,Donnamarie,Novelli,United States,dnovelli85@google.it,Female,568.41
295,Bunnie,Blondel,Thailand,bblondel86@acquirethisname.com,Female,5570.42
296,Minerva,Guenther,Brazil,mguenther87@amazon.co.jp,Female,6698.48
297,Waldo,Stenson,Brazil,wstenson88@tumblr.com,Male,920.21
298,Thatch,Melsome,Brazil,tmelsome89@bizjournals.com,Male,1189.91
299,Drake,Stangroom,Australia,dstangroom8a@com.com,Male,3745.27
300,Garrett,Yurasov,Brazil,gyurasov8b@ocn.ne.jp,Male,1461.88
301,Cecilla,Habert,Thailand,chabert8c@walmart.com,Female,2404.77
302,Shalna,Gergolet,Brazil,sgergolet8d@dailymotion.com,Female,8278.97
303,Samuel,Curzey,Australia,scurzey8e@ihg.com,Male,8889.91
304,Israel,Belden,United States,ibelden8f@creativecommons.org,Male,8382.11
305,Randell,Pohlak,Thailand,rpohlak8g@goo.gl,Male,4150.01
306,Marven,Sketcher,Brazil,msketcher8h@friendfeed.com,Male,4297.31
307,Mozes,Espinazo,Brazil,mespinazo8i@ameblo.jp,Male,9931.01
308,Eachelle,Jeram,Brazil,ejeram8j@freewebs.com,Female,5144.36
309,Hilly,Brandts,United States,hbrandts8k@clickbank.net,Male,3574.92
310,Shurlock,Yukhnini,Brazil,syukhnini8l@buzzfeed.com,Male,3973.13
311,Maurise,Hubbins,United States,mhubbins8m@wikimedia.org,Male,4187.5
312,Rolph,De Carlo,Brazil,rdecarlo8n@weather.com,Male,5834.2
313,Vail,Lamplough,Thailand,vlamplough8o@qq.com,Male,2398.97
314,Kessiah,Demangeon,Brazil,kdemangeon8p@exblog.jp,Female,68.43
315,Jayme,Charity,Brazil,jcharity8q@wordpress.com,Male,9243.54
316,Valentine,Broun,United States,vbroun8r@e-recht24.de,Male,2565.78
317,Neils,Jeacop,Australia,njeacop8s@ox.ac.uk,Male,1320.98
318,Akim,Gallimore,Brazil,agallimore8t@ted.com,Male,3903.68
319,Jerrine,Witling,United States,jwitling8u@tamu.edu,Female,9408.93
320,Hewitt,Eardley,Brazil,heardley8v@cnbc.com,Male,5180.77
321,Bliss,Prangle,United States,bprangle8w@tinypic.com,Female,5827.36
322,Daria,Harme,Australia,dharme8x@myspace.com,Female,5148.3
323,Rory,Grandin,Brazil,rgrandin8y@hostgator.com,Female,2736.88
324,Belinda,Lardnar,United States,blardnar8z@alexa.com,Female,303.87
325,Darius,Bulgen,United States,dbulgen90@sun.com,Male,6023.36
326,Morgan,Bucktrout,Spain,mbucktrout91@guardian.co.uk,Male,9608.32
327,Abbey,Zannuto,Brazil,azannuto92@sitemeter.com,Female,3877.85
328,Franklyn,Oleshunin,United States,foleshunin93@github.com,Male,6599.4
329,Brodie,Ranscomb,Brazil,branscomb94@nps.gov,Male,2571.36
330,Richmound,Halward,Thailand,rhalward95@indiegogo.com,Male,7141.35
331,Sheri,Ogus,United States,sogus96@oracle.com,Female,3972.91
332,Mort,Jirka,Brazil,mjirka97@mapquest.com,Male,4035
333,Aldric,Wyche,Thailand,awyche98@woothemes.com,Male,3464.74
334,Hollis,Cecchetelli,Brazil,hcecchetelli99@homestead.com,Male,6038.43
335,Marcos,Rodder,Thailand,mrodder9a@bbc.co.uk,Male,9637.53
336,Charlton,Bausor,United States,cbausor9b@reddit.com,Male,267.05
337,Ange,Miebes,United States,amiebes9c@addthis.com,Male,2315.99
338,Shalna,Grigaut,Brazil,sgrigaut9d@paypal.com,Female,7462.92
339,Ryun,Paradin,United States,rparadin9e@storify.com,Male,635.16
340,Hubie,Brooksby,Brazil,hbrooksby9f@histats.com,Male,9670.52
341,Monte,Kavanagh,United States,mkavanagh9g@twitter.com,Male,2735.65
342,Montgomery,Yanez,Brazil,myanez9h@webmd.com,Male,3150.22
343,Georas,Bottoms,Brazil,gbottoms9i@list-manage.com,Male,3499.63
344,Stanislaw,Thame,Brazil,sthame9j@slate.com,Male,7389.22
345,Xymenes,Sinnat,Brazil,xsinnat9k@ucla.edu,Male,1056.02
346,Britta,Ciottoi,Brazil,bciottoi9l@businessweek.com,Female,9650.79
347,Katalin,Ghirigori,Thailand,kghirigori9m@tumblr.com,Female,3693.73
348,Dorothy,Jakubowsky,Thailand,djakubowsky9n@bbb.org,Female,9913.46
349,Raquel,Berndsen,Thailand,rberndsen9o@ocn.ne.jp,Female,575.87
350,Modesty,Bondesen,Brazil,mbondesen9p@simplemachines.org,Female,8820.53
351,Quinlan,Glassford,Thailand,qglassford9q@newsvine.com,Male,7065.05
352,Germaine,Vinck,Brazil,gvinck9r@alibaba.com,Female,7994.63
353,Elene,Lutas,Thailand,elutas9s@nyu.edu,Female,3622.11
354,Peadar,Jodlkowski,United States,pjodlkowski9t@cloudflare.com,Male,6274.31
355,Rolland,Fairbairn,United States,rfairbairn9u@sitemeter.com,Male,7940.26
356,Malissia,Massimi,Brazil,mmassimi9v@indiegogo.com,Female,1750.12
357,Emmalynne,Deaconson,Brazil,edeaconson9w@theglobeandmail.com,Female,92.13
358,Hailee,Hackwell,Spain,hhackwell9x@arstechnica.com,Female,3339.95
359,Hulda,Eixenberger,Brazil,heixenberger9y@ezinearticles.com,Female,1686
360,Aguie,Pavolini,Brazil,apavolini9z@istockphoto.com,Male,6016.24
361,Johnny,Danielsohn,Brazil,jdanielsohna0@t-online.de,Male,1440.35
362,Tull,Tutchell,United States,ttutchella1@surveymonkey.com,Male,2492
363,Sidonnie,Jennings,United States,sjenningsa2@jugem.jp,Female,2674.87
364,Bryn,Stroband,Brazil,bstrobanda3@de.vu,Male,1010.75
365,Marvin,Minget,United States,mmingeta4@twitter.com,Male,3297.05
366,Pammie,Tommasi,United States,ptommasia5@dropbox.com,Female,7125.02
367,Chauncey,Veart,United States,cvearta6@bloomberg.com,Male,1260.47
368,Dilan,Halwood,Thailand,dhalwooda7@indiatimes.com,Male,3193.15
369,Frank,Sibbering,Brazil,fsibberinga8@mediafire.com,Female,3174.95
370,Borden,Cawker,Brazil,bcawkera9@google.com,Male,6591.45
371,Kelby,Loges,Thailand,klogesaa@wisc.edu,Male,7856.98
372,Eula,Jean,United States,ejeanab@tinypic.com,Female,9533.15
373,Wynn,Braun,Brazil,wbraunac@earthlink.net,Female,3744.47
374,Emory,Mixhel,United States,emixhelad@state.tx.us,Male,9459.17
375,Gennifer,Lively,Brazil,glivelyae@theatlantic.com,Female,4035.19
376,Dante,Sijmons,Brazil,dsijmonsaf@apple.com,Male,3817.29
377,Ferdie,Fraser,Brazil,ffraserag@google.pl,Male,8804.53
378,Corrina,Knee,United States,ckneeah@dmoz.org,Female,3741.42
379,Giorgio,Punt,United States,gpuntai@chron.com,Male,9812.36
380,Elsinore,Barmadier,Thailand,ebarmadieraj@weather.com,Female,2651.88
381,Kandy,Govan,Brazil,kgovanak@wikimedia.org,Female,7366.78
382,Della,Giroldo,United States,dgiroldoal@mit.edu,Female,4251.98
383,Sari,Whitcher,Brazil,swhitcheram@wikipedia.org,Female,6010.6
384,Artie,Kench,United States,akenchan@tinyurl.com,Male,9113.58
385,Fey,Munns,Thailand,fmunnsao@icq.com,Female,712.56
386,Waylin,Moulsdall,United States,wmoulsdallap@sitemeter.com,Male,2452.61
387,Ursa,Bentsen,United States,ubentsenaq@skyrock.com,Female,7666.33
388,Heda,Ricci,United States,hricciar@cisco.com,Female,1017.16
389,Igor,Saveall,Spain,isaveallas@ezinearticles.com,Male,5724.03
390,Jarad,Nutton,Brazil,jnuttonat@naver.com,Male,4695.4
391,Eva,Jerram,Brazil,ejerramau@google.nl,Female,1613.44
392,Melisenda,Blinckhorne,Brazil,mblinckhorneav@virginia.edu,Female,3556.69
393,Gracia,Feavearyear,Brazil,gfeavearyearaw@hao123.com,Female,4668.12
394,Hillier,Anstee,Thailand,hansteeax@loc.gov,Male,9395.38
395,Nicky,Domenc,Brazil,ndomencay@4shared.com,Male,2486.79
396,Phillipe,Hatje,United States,phatjeaz@sun.com,Male,8183.99
397,Byram,Altimas,Brazil,baltimasb0@eepurl.com,Male,8717.96
398,Aubrie,Churchyard,Brazil,achurchyardb1@ameblo.jp,Female,9051.72
399,Chelsea,Willoughway,United States,cwilloughwayb2@unblog.fr,Female,6798.81
400,Sisile,Zaniolini,Brazil,szaniolinib3@issuu.com,Female,7557.22
401,Darwin,Aiken,Brazil,daikenb4@php.net,Male,9731.96
402,Susi,Torns,United States,stornsb5@godaddy.com,Female,4910.25
403,Kristine,Smuth,United States,ksmuthb6@discuz.net,Female,8030.04
404,Bailey,Mariaud,Brazil,bmariaudb7@smh.com.au,Male,7946.44
405,Claudianus,Junkinson,Brazil,cjunkinsonb8@uiuc.edu,Male,5969.7
406,Katherine,Pemble,Thailand,kpembleb9@blogspot.com,Female,4433.3
407,Nicolle,Follis,Brazil,nfollisba@acquirethisname.com,Female,5538.99
408,Joni,Fratczak,Brazil,jfratczakbb@bandcamp.com,Female,3097
409,Babette,Sewart,Brazil,bsewartbc@amazon.co.jp,Female,5402.98
410,Tiff,Eannetta,Brazil,teannettabd@wired.com,Female,1483.38
411,Charlena,Ivimy,Brazil,civimybe@instagram.com,Female,5878.21
412,Reiko,O'Hannen,United States,rohannenbf@businessinsider.com,Female,4829.03
413,Shell,Glendza,United States,sglendzabg@wordpress.org,Male,4400.93
414,Kimmi,Gonnely,United States,kgonnelybh@ftc.gov,Female,9279
415,Kerry,Fusedale,Brazil,kfusedalebi@51.la,Female,9665.57
416,Royal,Rattenberie,United States,rrattenberiebj@smugmug.com,Male,1283.68
417,Estella,Ludye,United States,eludyebk@ox.ac.uk,Female,205.04
418,Archibald,Ring,Brazil,aringbl@a8.net,Male,1114.08
419,Angus,Siebert,Brazil,asiebertbm@dyndns.org,Male,4267.6
420,Harwilll,Glassopp,Brazil,hglassoppbn@bbc.co.uk,Male,5934.21
421,Bliss,Benkin,Brazil,bbenkinbo@ft.com,Female,3737.96
422,Darsie,Barkly,Brazil,dbarklybp@last.fm,Female,7834.31
423,Robina,Bather,United States,rbatherbq@cnet.com,Female,355.4
424,Magdalene,Money,United States,mmoneybr@printfriendly.com,Female,7050.33
425,Adelaida,Shillabear,United States,ashillabearbs@phoca.cz,Female,8613.97
426,Sibyl,Ruselin,Brazil,sruselinbt@usda.gov,Female,2496.69
427,Dulce,Misk,Brazil,dmiskbu@accuweather.com,Female,2496.68
428,Jacquelin,Yerborn,United States,jyerbornbv@amazon.de,Female,1525.4
429,Emylee,Kiddey,Brazil,ekiddeybw@google.it,Female,2867.32
430,Alia,McLeoid,Brazil,amcleoidbx@prlog.org,Female,8456.42
431,Eben,Fargie,United States,efargieby@ow.ly,Male,4930.29
432,Bibbie,Meatcher,Brazil,bmeatcherbz@senate.gov,Female,7839.12
433,Jermaine,Phinnessy,Brazil,jphinnessyc0@ycombinator.com,Female,395.61
434,Kathrine,Crab,Brazil,kcrabc1@google.fr,Female,2268.11
435,Jenny,Sill,Thailand,jsillc2@goodreads.com,Female,8364.74
436,Lothaire,Bowhey,Brazil,lbowheyc3@goo.ne.jp,Male,6195.9
437,Hazel,Mordey,Brazil,hmordeyc4@diigo.com,Male,4609.34
438,Garvin,Miroy,United States,gmiroyc5@printfriendly.com,Male,77.53
439,Ingeberg,Entissle,Thailand,ientisslec6@state.gov,Female,708
440,Berkly,Borsay,Spain,bborsayc7@yelp.com,Male,161.95
441,Ki,Duprey,Brazil,kdupreyc8@sogou.com,Female,5701.33
442,Gibbie,Adamiak,Brazil,gadamiakc9@mac.com,Male,1697.93
443,Jasper,Boggs,Thailand,jboggsca@arstechnica.com,Male,5337.15
444,Bernardine,Wellesley,Thailand,bwellesleycb@yahoo.co.jp,Female,3757.95
445,Verena,Bernardi,Thailand,vbernardicc@friendfeed.com,Female,6081.54
446,Bartram,Wooffinden,Brazil,bwooffindencd@github.io,Male,7717.42
447,Sheryl,Coulston,Thailand,scoulstonce@tinypic.com,Female,6121.11
448,Viola,Valentetti,Thailand,vvalentetticf@shareasale.com,Female,8163.26
449,Shanon,Moir,Brazil,smoircg@google.ru,Female,5801.84
450,Mignon,Cornbill,United States,mcornbillch@booking.com,Female,3117.49
451,Diarmid,Slowly,Thailand,dslowlyci@chronoengine.com,Male,7208
452,Flemming,Matysiak,Brazil,fmatysiakcj@odnoklassniki.ru,Male,5595.21
453,Bathsheba,Manjin,United States,bmanjinck@friendfeed.com,Female,8031.66
454,Cosette,Muskett,Brazil,cmuskettcl@webmd.com,Female,3382.47
455,Waldo,Ogilby,Brazil,wogilbycm@ihg.com,Male,3439.71
456,Sallie,Breewood,Brazil,sbreewoodcn@economist.com,Female,6063.95
457,Jolie,Backshell,Spain,jbackshellco@dion.ne.jp,Female,2210.37
458,Hartley,Negri,Brazil,hnegricp@ehow.com,Male,1643
459,Andee,Bentick,Brazil,abentickcq@macromedia.com,Female,8406.94
460,Webster,Dudny,United States,wdudnycr@clickbank.net,Male,9981.44
461,Emanuele,Blood,Thailand,ebloodcs@deliciousdays.com,Male,6462.11
462,Elayne,Brunsen,Thailand,ebrunsenct@ow.ly,Female,3184.61
463,Sibeal,Pudner,United States,spudnercu@mapy.cz,Female,8617.73
464,Jeromy,D'Agostino,United States,jdagostinocv@slate.com,Male,2823.73
465,Reggie,Bauer,Thailand,rbauercw@wordpress.com,Male,8165.36
466,Caresse,Rosenstock,Brazil,crosenstockcx@bandcamp.com,Female,7501.2
467,Ossie,Dielhenn,Brazil,odielhenncy@goo.gl,Male,1984.32
468,Lammond,Cayet,Thailand,lcayetcz@blogtalkradio.com,Male,8314.56
469,Nels,Masdin,Brazil,nmasdind0@ucoz.ru,Male,887.29
470,Yorke,Foggarty,Spain,yfoggartyd1@techcrunch.com,Male,9699.68
471,Othello,Bartels-Ellis,Australia,obartelsellisd2@dot.gov,Male,8805.49
472,Clarence,Lesmonde,Brazil,clesmonded3@nasa.gov,Male,5994.64
473,Merv,Pleace,Thailand,mpleaced4@rambler.ru,Male,971.72
474,Justinian,Lavens,United States,jlavensd5@ucoz.com,Male,8887.05
475,Gert,Moatt,Spain,gmoattd6@paginegialle.it,Female,4862.82
476,Monah,Frantz,Thailand,mfrantzd7@uol.com.br,Female,1590.17
477,Delano,Norcock,Brazil,dnorcockd8@nsw.gov.au,Male,4366.95
478,Maryann,Joinson,Brazil,mjoinsond9@omniture.com,Female,559.9
479,Jocelyne,Fripp,United States,jfrippda@example.com,Female,5266.38
480,Paulie,Aldwinckle,Thailand,paldwinckledb@com.com,Female,5779.74
481,Tallie,Van Waadenburg,Brazil,tvanwaadenburgdc@merriam-webster.com,Female,217.95
482,Sharyl,Townley,Thailand,stownleydd@amazon.co.uk,Female,3196.06
483,Frankie,Caswill,Brazil,fcaswillde@apple.com,Male,6004.77
484,Dona,Woakes,Brazil,dwoakesdf@tiny.cc,Female,8230.08
485,Iain,Bryer,Brazil,ibryerdg@github.com,Male,4890.22
486,Gris,Windibank,Brazil,gwindibankdh@jigsy.com,Male,1397.21
487,Raymond,Copins,Brazil,rcopinsdi@nps.gov,Male,4264.72
488,Ilise,Tathacott,Thailand,itathacottdj@senate.gov,Female,7616.62
489,Phillis,Adlam,United States,padlamdk@amazon.com,Female,1775.67
490,Reg,Engley,United States,rengleydl@jiathis.com,Male,9197.69
491,Tandi,Rundall,Brazil,trundalldm@senate.gov,Female,8331.59
492,Danila,Treverton,Brazil,dtrevertondn@amazonaws.com,Female,914.67
493,Linea,Christofe,Brazil,lchristofedo@cdc.gov,Female,3186.06
494,Isidora,Signorelli,Brazil,isignorellidp@bluehost.com,Female,8425.8
495,Jeddy,Betteridge,Brazil,jbetteridgedq@spiegel.de,Male,559.94
496,Nichols,McLarty,Brazil,nmclartydr@dailymail.co.uk,Male,147.79
497,Izzy,Kem,United States,ikemds@cbslocal.com,Male,7410.17
498,Danna,Soars,Brazil,dsoarsdt@webmd.com,Female,7051.39
499,Adriano,Aldersey,Brazil,aalderseydu@taobao.com,Male,5293.87
500,Job,Woodson,Brazil,jwoodsondv@icq.com,Male,860.23
501,Barton,Cooke,Thailand,bcookedw@washington.edu,Male,9241.96
502,Curt,Barnard,Brazil,cbarnarddx@google.it,Male,8735.55
503,Ellsworth,Maunder,Brazil,emaunderdy@zimbio.com,Male,3058.36
504,Vito,Andrin,Brazil,vandrindz@squarespace.com,Male,4165.48
505,Katalin,Waterdrinker,Brazil,kwaterdrinkere0@cmu.edu,Female,5249.92
506,Yasmeen,Pailin,Brazil,ypailine1@ucla.edu,Female,2647.37
507,Jacqueline,Roper,United States,jropere2@umn.edu,Female,7544.65
508,Daryl,Manton,Brazil,dmantone3@blogger.com,Male,2592.38
509,Devinne,Muirden,United States,dmuirdene4@toplist.cz,Female,6176.62
510,Way,Sidwick,Brazil,wsidwicke5@myspace.com,Male,5864.54
511,Darell,Ebbutt,Brazil,debbutte6@amazon.co.jp,Female,3328.03
512,Elias,Batchan,United States,ebatchane7@jugem.jp,Male,3950.22
513,Bartholemy,Asplen,Brazil,basplene8@homestead.com,Male,2622.94
514,Alexine,Dibden,United States,adibdene9@army.mil,Female,8297.95
515,Farah,Mieville,Brazil,fmievilleea@prlog.org,Female,3995.19
516,Sasha,Malpas,Thailand,smalpaseb@microsoft.com,Female,7682.76
517,Tad,Extence,Thailand,textenceec@ask.com,Male,2546.42
518,Abbot,Gudyer,Thailand,agudyered@samsung.com,Male,6185.73
519,Mamie,Lovekin,India,mlovekinee@google.ru,Female,7883.22
520,Marie,Syrett,Brazil,msyrettef@plala.or.jp,Female,1214.52
521,Jamey,Bonney,Brazil,jbonneyeg@dropbox.com,Male,7059.27
522,Richmound,Furbank,Brazil,rfurbankeh@chron.com,Male,4413.97
523,Shanna,Cantor,United States,scantorei@sakura.ne.jp,Female,179.02
524,Manny,Legge,United States,mleggeej@tumblr.com,Male,5057.66
525,Silvain,Gard,United States,sgardek@skype.com,Male,1372
526,Gianina,Cunio,Brazil,gcunioel@jugem.jp,Female,2970.64
527,Daisey,Paunsford,Brazil,dpaunsfordem@bravesites.com,Female,8805.92
528,Roarke,Cominotti,Brazil,rcominottien@mysql.com,Male,1810.5
529,Angel,Conner,Brazil,aconnereo@house.gov,Male,2547.25
530,Kary,Cristofor,Thailand,kcristoforep@addthis.com,Female,3040.19
531,Wilma,Clemmett,Brazil,wclemmetteq@nymag.com,Female,868.01
532,Alberik,Quiddihy,Brazil,aquiddihyer@furl.net,Male,472.77
533,Shaughn,Lealle,United States,sleallees@sfgate.com,Male,9635.49
534,Avrom,Saxelby,Thailand,asaxelbyet@networksolutions.com,Male,4630.38
535,Corabel,Kort,Brazil,ckorteu@altervista.org,Female,602.14
536,Mervin,Casswell,United States,mcasswellev@yellowbook.com,Male,615.37
537,Tabbie,Paudin,Brazil,tpaudinew@mapy.cz,Male,5967.2
538,Doria,Goldster,United States,dgoldsterex@discuz.net,Female,139.41
539,Ly,Serrurier,United States,lserrurierey@elegantthemes.com,Male,908.22
540,Baron,Corps,Brazil,bcorpsez@biglobe.ne.jp,Male,349.46
541,Arlene,Webland,United States,aweblandf0@si.edu,Female,3890.09
542,Karole,Hammerton,Brazil,khammertonf1@indiegogo.com,Female,1168.23
543,Kellia,MacKaig,Brazil,kmackaigf2@sourceforge.net,Female,293.94
544,Leanor,McGoogan,Brazil,lmcgooganf3@usatoday.com,Female,634.27
545,Thorvald,Musicka,Brazil,tmusickaf4@hibu.com,Male,8257.05
546,Mariel,Tallquist,Thailand,mtallquistf5@sogou.com,Female,5880.59
547,Van,Laxen,Thailand,vlaxenf6@wix.com,Female,6039.61
548,Patin,McIlwain,Brazil,pmcilwainf7@furl.net,Male,3310.39
549,Fawnia,Canty,United States,fcantyf8@npr.org,Female,9920.68
550,Coleen,Elgood,United States,celgoodf9@businessweek.com,Female,8743.38
551,Weylin,Revie,Brazil,wreviefa@printfriendly.com,Male,2139.79
552,Hillier,Maguire,Brazil,hmaguirefb@apache.org,Male,6533.29
553,Winslow,Bellingham,Thailand,wbellinghamfc@hc360.com,Male,3400.3
554,Nerti,Borres,Thailand,nborresfd@bloglines.com,Female,6555.67
555,Benjie,Shoebotham,Thailand,bshoebothamfe@imgur.com,Male,5143.16
556,Mandi,Showers,United States,mshowersff@furl.net,Female,1607.83
557,Artemas,Wiltsher,Spain,awiltsherfg@icq.com,Male,1902.64
558,Aretha,Mattiuzzi,Thailand,amattiuzzifh@chron.com,Female,1020.03
559,Tracy,Farley,Brazil,tfarleyfi@google.co.uk,Female,7395.41
560,Welch,England,United States,wenglandfj@about.com,Male,7269.54
561,Barrie,Chaperling,Brazil,bchaperlingfk@thetimes.co.uk,Female,3901.54
562,Ardyce,Chisnell,Brazil,achisnellfl@hibu.com,Female,6082.85
563,Amii,Ezzell,United States,aezzellfm@elpais.com,Female,529.57
564,Alisander,Sutherland,Thailand,asutherlandfn@godaddy.com,Male,736.22
565,Melonie,Seviour,United States,mseviourfo@tripod.com,Female,6631.06
566,Heida,Gaynsford,Brazil,hgaynsfordfp@surveymonkey.com,Female,5712.04
567,Wallis,Maplestone,United States,wmaplestonefq@ocn.ne.jp,Male,9644.53
568,Winn,Minnette,Brazil,wminnettefr@symantec.com,Male,1289.52
569,Sheilakathryn,McCuffie,United States,smccuffiefs@blog.com,Female,3978.26
570,Carny,Simonsen,Brazil,csimonsenft@indiatimes.com,Male,4465.7
571,Ange,Pomfrett,Brazil,apomfrettfu@nbcnews.com,Male,9103.83
572,Ferrel,Matveiko,Thailand,fmatveikofv@weather.com,Male,3247.49
573,Minette,Caillou,Brazil,mcailloufw@netlog.com,Female,374.12
574,Jen,Roseby,United States,jrosebyfx@reverbnation.com,Female,1653.29
575,Gwynne,Simond,United States,gsimondfy@google.com.au,Female,5946.52
576,Eveleen,Ardron,Brazil,eardronfz@google.de,Female,870.4
577,Anthiathia,Humm,Thailand,ahummg0@technorati.com,Female,1640.56
578,Cornela,Perche,United States,cpercheg1@clickbank.net,Female,9031.52
579,Ichabod,Bullingham,United States,ibullinghamg2@elegantthemes.com,Male,8794.52
580,Eula,Norkutt,Thailand,enorkuttg3@usa.gov,Female,5900.09
581,Ravi,Dufaur,United States,rdufaurg4@joomla.org,Male,8290.61
582,Gwynne,Groundwator,United States,ggroundwatorg5@admin.ch,Female,4357.98
583,Barnard,Yonge,United States,byongeg6@etsy.com,Male,1344.35
584,Bert,Kenward,Thailand,bkenwardg7@wordpress.com,Female,3013.32
585,Donna,Davidove,Thailand,ddavidoveg8@dailymail.co.uk,Female,8931.46
586,Roth,Aldham,Brazil,raldhamg9@google.pl,Male,4890.92
587,Dawn,Senn,Thailand,dsennga@theguardian.com,Female,97.41
588,Sunny,Francescotti,United States,sfrancescottigb@macromedia.com,Male,5558.6
589,Elnora,Esser,Brazil,eessergc@amazon.com,Female,7340.68
590,Carmencita,Roget,United States,crogetgd@nba.com,Female,581.2
591,Margarethe,Duhig,United States,mduhigge@nyu.edu,Female,6629.53
592,Floyd,Fishlee,Brazil,ffishleegf@gmpg.org,Male,5015.99
593,Lorne,Philipeau,Thailand,lphilipeaugg@dropbox.com,Male,4707.7
594,Palm,Sultan,Thailand,psultangh@nifty.com,Male,9900.45
595,Hamil,Kryszka,United States,hkryszkagi@tamu.edu,Male,3990.54
596,Tommie,Mayoh,United States,tmayohgj@usda.gov,Female,4861.02
597,Durand,Ogilvy,Thailand,dogilvygk@cornell.edu,Male,9297.15
598,Jack,Bernolet,Thailand,jbernoletgl@sciencedirect.com,Male,5071.32
599,Genevieve,Sanderson,United States,gsandersongm@comsenz.com,Female,5195.46
600,Cybill,Mathieson,Brazil,cmathiesongn@shinystat.com,Female,8326.06
601,Crosby,Kenwell,Thailand,ckenwellgo@seesaa.net,Male,8471.36
602,Scotty,Bravery,Brazil,sbraverygp@smugmug.com,Male,9140.57
603,Katharina,Kohrs,Brazil,kkohrsgq@google.com,Female,7381.17
604,Roslyn,Pasmore,Brazil,rpasmoregr@google.cn,Female,4010.07
605,Anna-diana,Gooch,Thailand,agoochgs@plala.or.jp,Female,2696.09
606,Lotta,Jordanson,Thailand,ljordansongt@hp.com,Female,8277.51
607,Lancelot,Pitman,Spain,lpitmangu@sourceforge.net,Male,6235.46
608,Emlyn,Britney,Brazil,ebritneygv@abc.net.au,Male,9599.44
609,Vick,Banasevich,United States,vbanasevichgw@google.ca,Male,5274.67
610,Wendye,Hrachovec,Brazil,whrachovecgx@shinystat.com,Female,5891.02
611,Damian,Cuffe,Brazil,dcuffegy@amazonaws.com,Male,4554.66
612,Charmain,Adriaan,United States,cadriaangz@mlb.com,Female,7836.82
613,Stevie,McBeth,Brazil,smcbethh0@woothemes.com,Male,4566.52
614,Bel,Searchfield,Thailand,bsearchfieldh1@cornell.edu,Female,5362.11
615,Ignaz,Matz,Brazil,imatzh2@diigo.com,Male,8975.91
616,Una,Bumpus,Brazil,ubumpush3@loc.gov,Female,5986.24
617,Natala,O'Lenechan,Brazil,nolenechanh4@printfriendly.com,Female,3674.28
618,Nilson,Papaccio,Brazil,npapaccioh5@nifty.com,Male,546.65
619,Evey,Petel,Thailand,epetelh6@vinaora.com,Female,6227.29
620,Nani,Irving,Brazil,nirvingh7@si.edu,Female,7973.26
621,Tyson,Filippyev,Brazil,tfilippyevh8@google.de,Male,172.35
622,Kate,Trowsdall,United States,ktrowsdallh9@who.int,Female,418.02
623,Terence,Nussey,United States,tnusseyha@barnesandnoble.com,Male,820.26
624,Denny,Mellor,Brazil,dmellorhb@prlog.org,Female,2958.32
625,Zsazsa,Zumbusch,United States,zzumbuschhc@wordpress.org,Female,6523.63
626,Cary,Kyston,Brazil,ckystonhd@disqus.com,Male,3822.27
627,Sacha,Asche,United States,saschehe@newsvine.com,Female,1310.27
628,Cristie,Brognot,United States,cbrognothf@altervista.org,Female,9619.31
629,Daniel,Blancowe,United States,dblancowehg@tinypic.com,Male,6191.11
630,Rolph,Harston,Thailand,rharstonhh@answers.com,Male,4468.04
631,Marleah,Sessuns,Brazil,msessunshi@statcounter.com,Female,7600.79
632,Tab,Spowart,United States,tspowarthj@boston.com,Male,2525.46
633,Aileen,Rosenberger,United States,arosenbergerhk@utexas.edu,Female,7938.21
634,Dilan,Estcot,Thailand,destcothl@flickr.com,Male,7447.69
635,Solly,Ponting,Thailand,spontinghm@furl.net,Male,8409.18
636,Caralie,Luthwood,Brazil,cluthwoodhn@hud.gov,Female,360.36
637,Joelle,Yerill,Thailand,jyerillho@seesaa.net,Female,7577.18
638,Chase,Smalley,United States,csmalleyhp@army.mil,Male,2067.83
639,Timmie,Shipcott,Brazil,tshipcotthq@4shared.com,Male,4656.09
640,Darcy,Girsch,Brazil,dgirschhr@jalbum.net,Female,2425.1
641,Lesli,Deporte,Thailand,ldeportehs@ted.com,Female,3602.88
642,Domenic,Porrett,Thailand,dporrettht@goo.ne.jp,Male,6108.68
643,Shaylyn,Donativo,Brazil,sdonativohu@nasa.gov,Female,7990.48
644,Maridel,Dorracott,United States,mdorracotthv@wunderground.com,Female,8663.64
645,Yank,Amyes,Brazil,yamyeshw@stanford.edu,Male,8256.84
646,Antoine,Van Waadenburg,United States,avanwaadenburghx@merriam-webster.com,Male,6061.38
647,Delainey,Portsmouth,Thailand,dportsmouthhy@msu.edu,Male,2756.26
648,Umeko,Isacsson,United States,uisacssonhz@huffingtonpost.com,Female,6104.96
649,Ceil,Semper,Thailand,csemperi0@washington.edu,Female,2487.92
650,Hercule,Daulby,Brazil,hdaulbyi1@telegraph.co.uk,Male,8074.23
651,Alicea,Sealey,Brazil,asealeyi2@wunderground.com,Female,9862.34
652,Mozes,Clementson,Brazil,mclementsoni3@taobao.com,Male,2819.65
653,Wilona,Lutwidge,Brazil,wlutwidgei4@zdnet.com,Female,6923.22
654,Kelsi,Halifax,Brazil,khalifaxi5@google.de,Female,9196.98
655,Sidonia,Bignold,United States,sbignoldi6@timesonline.co.uk,Female,5812.75
656,Davey,Vurley,Brazil,dvurleyi7@istockphoto.com,Male,4383.04
657,Antonin,Gammill,United States,agammilli8@cocolog-nifty.com,Male,9751.7
658,Fidelia,Harvison,United States,fharvisoni9@prnewswire.com,Female,8394
659,Rosamond,Hornbuckle,Brazil,rhornbuckleia@home.pl,Female,7859.62
660,Willa,Valintine,Brazil,wvalintineib@goo.gl,Female,2702.73
661,Kip,Beniesh,Brazil,kbenieshic@wordpress.org,Male,4238.96
662,Lucie,Riccione,Thailand,lriccioneid@ask.com,Female,6654.08
663,Remus,Pechet,Thailand,rpechetie@engadget.com,Male,9100.83
664,Ogdon,Sumner,Brazil,osumnerif@digg.com,Male,1241.16
665,Drew,Wroughton,Brazil,dwroughtonig@dropbox.com,Male,3013.25
666,Rafe,Van der Daal,Brazil,rvanderdaalih@businesswire.com,Male,6984.89
667,Codie,Geraldini,Brazil,cgeraldiniii@multiply.com,Male,9319.23
668,Raimundo,Baudon,Spain,rbaudonij@multiply.com,Male,9367.8
669,Vera,Longstaffe,United States,vlongstaffeik@stumbleupon.com,Female,1270.82
670,Thorin,Nowakowski,Brazil,tnowakowskiil@technorati.com,Male,8035.24
671,Hilarius,Jenik,Thailand,hjenikim@google.co.uk,Male,3368.37
672,Lorens,Lelliott,Brazil,llelliottin@webs.com,Male,8510.79
673,Kathy,Salan,Brazil,ksalanio@cbc.ca,Female,4247.27
674,Jarrad,McElrath,Brazil,jmcelrathip@miibeian.gov.cn,Male,5663.83
675,Harrietta,Arunowicz,Thailand,harunowicziq@csmonitor.com,Female,3496.66
676,Bartel,McCague,United States,bmccagueir@guardian.co.uk,Male,1976.26
677,Bellanca,McKeller,Brazil,bmckelleris@illinois.edu,Female,1248.84
678,Jordana,Grazier,Brazil,jgrazierit@wsj.com,Female,4862.91
679,Rab,Murtimer,Brazil,rmurtimeriu@soup.io,Male,1556.91
680,Osborne,Finlow,Thailand,ofinlowiv@google.it,Male,2576.51
681,Janessa,Camsey,Thailand,jcamseyiw@deviantart.com,Female,4289.09
682,Sherri,Clell,Brazil,sclellix@washington.edu,Female,2847.66
683,Reinwald,Gradley,Brazil,rgradleyiy@foxnews.com,Male,1978.77
684,Doria,Southam,Brazil,dsouthamiz@comcast.net,Female,3132.25
685,Ira,Thickpenny,United States,ithickpennyj0@shinystat.com,Male,817.61
686,Fletch,Dymidowicz,United States,fdymidowiczj1@amazon.co.uk,Male,199.88
687,Boonie,Squibbes,United States,bsquibbesj2@java.com,Male,5910.08
688,Jeramey,Meert,Thailand,jmeertj3@disqus.com,Male,7338.9
689,Gerick,Cancellieri,Thailand,gcancellierij4@utexas.edu,Male,3130.21
690,Susann,Peter,United States,speterj5@topsy.com,Female,9222.54
691,Findlay,Constanza,Brazil,fconstanzaj6@amazon.co.jp,Male,8645.03
692,Brear,Henryson,United States,bhenrysonj7@flavors.me,Female,1032.56
693,Perren,Summers,Brazil,psummersj8@reverbnation.com,Male,1789.33
694,Leilah,Jonathon,Brazil,ljonathonj9@noaa.gov,Female,101.29
695,Aymer,Boothroyd,Brazil,aboothroydja@example.com,Male,3313.16
696,Adara,Armour,Brazil,aarmourjb@vinaora.com,Female,3428.27
697,Ciel,Camamill,Brazil,ccamamilljc@chronoengine.com,Female,6951.01
698,Lemuel,Verman,Brazil,lvermanjd@livejournal.com,Male,6136.91
699,Grover,Land,Thailand,glandje@noaa.gov,Male,1211.05
700,Mufinella,Buard,United States,mbuardjf@de.vu,Female,5123.21
701,Roselin,Bonney,Brazil,rbonneyjg@shutterfly.com,Female,1816.78
702,Bryna,Ambrodi,United States,bambrodijh@imdb.com,Female,8928.77
703,Claribel,Moneypenny,Spain,cmoneypennyji@imageshack.us,Female,2389.08
704,Stephie,Dolby,Brazil,sdolbyjj@epa.gov,Female,3561.57
705,Lillian,Marians,Thailand,lmariansjk@google.pl,Female,722.43
706,Colly,Danev,Brazil,cdanevjl@infoseek.co.jp,Female,5002.06
707,Vachel,Cavendish,Brazil,vcavendishjm@mozilla.org,Male,1961.96
708,Gaylene,Ryson,Brazil,grysonjn@examiner.com,Female,7437.49
709,Beaufort,Willerstone,United States,bwillerstonejo@tamu.edu,Male,880.42
710,Ara,Bennellick,United States,abennellickjp@google.com.br,Female,4241.32
711,Dinnie,Barrack,Brazil,dbarrackjq@bravesites.com,Female,9642.72
712,Rey,Hachette,United States,rhachettejr@cdc.gov,Male,9234.7
713,Kennie,Stag,Brazil,kstagjs@blinklist.com,Male,1593.52
714,Cory,Emmatt,Thailand,cemmattjt@squarespace.com,Male,2729.51
715,Nicole,Nend,Thailand,nnendju@163.com,Female,1425.59
716,Jerrome,O'Connell,United States,joconnelljv@cargocollective.com,Male,6002.11
717,George,Mariette,United States,gmariettejw@yellowbook.com,Male,5413.39
718,Clarinda,Goater,Brazil,cgoaterjx@nps.gov,Female,5061.64
719,Anita,Biddulph,Brazil,abiddulphjy@berkeley.edu,Female,845.83
720,Roley,Kienl,United States,rkienljz@twitter.com,Male,7428.87
721,Anabella,Denys,Thailand,adenysk0@army.mil,Female,6410.9
722,Dorris,Eltune,Brazil,deltunek1@house.gov,Female,1086.76
723,Jordana,Elmhirst,Brazil,jelmhirstk2@deviantart.com,Female,4734.54
724,Emylee,Brislawn,Brazil,ebrislawnk3@oaic.gov.au,Female,495.51
725,Abner,Dufaur,Brazil,adufaurk4@fema.gov,Male,9064.39
726,Blakeley,Linzee,Thailand,blinzeek5@w3.org,Female,5671.96
727,Cleve,MacDowal,Brazil,cmacdowalk6@oaic.gov.au,Male,6181.83
728,Tore,Sonnenschein,Brazil,tsonnenscheink7@google.co.jp,Male,4768.7
729,Drugi,Slobom,United States,dslobomk8@hibu.com,Male,7776.4
730,Megen,Briddle,Brazil,mbriddlek9@hc360.com,Female,6625.02
731,Myrvyn,Lecordier,Thailand,mlecordierka@barnesandnoble.com,Male,7540.58
732,Guthry,Colliar,United States,gcolliarkb@mapquest.com,Male,1496.99
733,Jake,Audsley,Brazil,jaudsleykc@sogou.com,Male,8312.89
734,Kinsley,Akid,United States,kakidkd@hibu.com,Male,663.28
735,Alena,Tirte,United States,atirteke@is.gd,Female,1782.59
736,Gerrie,Giraudeau,Brazil,ggiraudeaukf@netvibes.com,Male,9875.53
737,Marilin,Switzer,Brazil,mswitzerkg@bravesites.com,Female,9944.65
738,Dewey,Presslie,Thailand,dpressliekh@washington.edu,Male,2530.19
739,Karlens,Stuckford,Brazil,kstuckfordki@elegantthemes.com,Male,2716.64
740,Agace,Squibbs,Brazil,asquibbskj@senate.gov,Female,973.51
741,Padraig,Duce,Thailand,pducekk@51.la,Male,4713.18
742,Mariam,Bladder,United States,mbladderkl@istockphoto.com,Female,4638.85
743,Roxanne,Piche,Brazil,rpichekm@netlog.com,Female,101.15
744,Feodor,Dudliston,Brazil,fdudlistonkn@bing.com,Male,2464.65
745,Niall,Klemencic,United States,nklemencicko@purevolume.com,Male,5433.41
746,Junie,Blinco,Brazil,jblincokp@hugedomains.com,Female,3448.7
747,Prinz,Goodrich,Thailand,pgoodrichkq@hibu.com,Male,6859.4
748,Fielding,Hasted,Brazil,fhastedkr@sbwire.com,Male,1926.94
749,Charyl,Gerbi,Thailand,cgerbiks@acquirethisname.com,Female,7655.09
750,Franny,Jumont,Australia,fjumontkt@elpais.com,Male,1949.65
751,Sarah,Philipson,Brazil,sphilipsonku@loc.gov,Female,6917.88
752,Lenard,Joannidi,Brazil,ljoannidikv@sciencedaily.com,Male,6044.27
753,Leisha,Gon,Thailand,lgonkw@globo.com,Female,336.91
754,Justin,Owain,Brazil,jowainkx@forbes.com,Male,4012.15
755,Heriberto,Bovingdon,Thailand,hbovingdonky@washington.edu,Male,9362.77
756,Shina,Dayce,Brazil,sdaycekz@webs.com,Female,3566.53
757,Manolo,Crippen,Brazil,mcrippenl0@nps.gov,Male,9013.93
758,Gill,Leisman,United States,gleismanl1@narod.ru,Female,6166.84
759,Daren,Dorwood,United States,ddorwoodl2@illinois.edu,Male,4651.92
760,Demott,Westcot,Brazil,dwestcotl3@walmart.com,Male,4940.27
761,Cletis,Guy,Brazil,cguyl4@cargocollective.com,Male,733.47
762,Saraann,Airy,Thailand,sairyl5@blogger.com,Female,872.67
763,Candida,Henri,Brazil,chenril6@sun.com,Female,9998.03
764,Ulysses,Georgeon,Brazil,ugeorgeonl7@nature.com,Male,8949.81
765,Nickie,Hymers,United States,nhymersl8@pcworld.com,Female,5606.32
766,Domingo,Bagniuk,Brazil,dbagniukl9@wunderground.com,Male,9680.24
767,Harry,Rattry,United States,hrattryla@creativecommons.org,Male,3074.66
768,Ronnica,Klaassens,Brazil,rklaassenslb@telegraph.co.uk,Female,8804.34
769,Glynnis,Klos,United States,gkloslc@businessinsider.com,Female,8961.17
770,Arlene,Mattschas,Australia,amattschasld@harvard.edu,Female,2963.99
771,Kathy,Bertram,Thailand,kbertramle@microsoft.com,Female,8095.53
772,Lisette,Axtell,Thailand,laxtelllf@deviantart.com,Female,6429.33
773,Therese,Addlestone,Brazil,taddlestonelg@technorati.com,Female,7094.91
774,Diarmid,Ainsbury,Thailand,dainsburylh@home.pl,Male,7742.62
775,Terrell,Scarborough,Brazil,tscarboroughli@prweb.com,Male,3701.19
776,Conrado,Burt,Brazil,cburtlj@bluehost.com,Male,5836.48
777,Sydney,Trask,Spain,strasklk@wufoo.com,Male,7655.77
778,Falito,Laybourne,United States,flaybournell@cnn.com,Male,251.18
779,Cazzie,Carine,Brazil,ccarinelm@live.com,Male,3263.74
780,Claudette,Christene,United States,cchristeneln@tuttocitta.it,Female,9197.67
781,Gun,Kinnock,Brazil,gkinnocklo@blogs.com,Male,1392.3
782,Dody,Brimblecombe,Brazil,dbrimblecombelp@harvard.edu,Female,9642.2
783,Linn,Hurley,Thailand,lhurleylq@blogs.com,Female,4842.04
784,Sherlock,Amorts,Thailand,samortslr@myspace.com,Male,2058.24
785,Helen,Wannes,United States,hwannesls@comcast.net,Female,1294.97
786,Casey,Wadge,Brazil,cwadgelt@comsenz.com,Male,6372.78
787,Germayne,Oldall,Brazil,goldalllu@desdev.cn,Male,9118.48
788,Deidre,Hastings,United States,dhastingslv@edublogs.org,Female,7655.01
789,Atlanta,Learoid,Brazil,alearoidlw@geocities.jp,Female,1877.48
790,Park,Bleeze,Brazil,pbleezelx@hc360.com,Male,3840.07
791,Yoshi,Toffalo,United States,ytoffaloly@google.pl,Female,7442.94
792,Haily,Valett,Brazil,hvalettlz@sakura.ne.jp,Male,8511.64
793,Salaidh,Gemlbett,Brazil,sgemlbettm0@thetimes.co.uk,Female,6260.24
794,Karena,Raithmill,Brazil,kraithmillm1@wordpress.org,Female,601.37
795,Lynett,Leyninye,United States,lleyninyem2@twitter.com,Female,8328.8
796,Virgie,Balnaves,Brazil,vbalnavesm3@abc.net.au,Female,4797.2
797,Josefa,Jachtym,United States,jjachtymm4@weather.com,Female,9778.97
798,Camilla,Oxe,United States,coxem5@stumbleupon.com,Female,8788.72
799,Dulcinea,Ollerearnshaw,United States,dollerearnshawm6@skype.com,Female,8724.83
800,Klarika,Swadlen,Brazil,kswadlenm7@vimeo.com,Female,8359.32
801,Michal,Poytress,Brazil,mpoytressm8@list-manage.com,Male,8554.55
802,Erich,Harvett,United States,eharvettm9@flickr.com,Male,8883.11
803,Harland,Wentworth,Brazil,hwentworthma@de.vu,Male,1645.57
804,Elliott,Ellerman,United States,eellermanmb@blinklist.com,Male,6126.58
805,Bibbie,Venning,Thailand,bvenningmc@over-blog.com,Female,1095.39
806,Adan,MacKettrick,Brazil,amackettrickmd@msu.edu,Male,118.44
807,Beverlee,Hallgate,Brazil,bhallgateme@discovery.com,Female,1592.99
808,Sunny,Philpots,United States,sphilpotsmf@cmu.edu,Female,1342.4
809,Marty,Sedgemore,Thailand,msedgemoremg@globo.com,Male,5874.17
810,Ellene,Tweedell,Brazil,etweedellmh@paginegialle.it,Female,804.61
811,Saunder,Corneck,Brazil,scorneckmi@printfriendly.com,Male,6676.09
812,Edouard,Priver,Brazil,eprivermj@sciencedirect.com,Male,8408.08
813,Stacee,Di Antonio,Brazil,sdiantoniomk@jugem.jp,Female,6148.01
814,Veronique,Aberkirdo,Thailand,vaberkirdoml@europa.eu,Female,4528.44
815,Lockwood,Mattia,Thailand,lmattiamm@cnbc.com,Male,6200.55
816,Nataniel,Marzella,United States,nmarzellamn@addtoany.com,Male,2633.32
817,Jess,Crighton,Thailand,jcrightonmo@aol.com,Male,2335.71
818,Berti,Marling,Brazil,bmarlingmp@t.co,Male,3848.94
819,Arin,Garrelts,Australia,agarreltsmq@imgur.com,Male,7335.68
820,Bren,Linnemann,Brazil,blinnemannmr@privacy.gov.au,Female,9763.85
821,Lyndel,Gregoriou,Brazil,lgregorioums@abc.net.au,Female,9743.11
822,Jarvis,Alberti,Brazil,jalbertimt@shinystat.com,Male,4291.08
823,Shelli,Reach,Thailand,sreachmu@sciencedaily.com,Female,8291.49
824,Lay,Killiner,Spain,lkillinermv@posterous.com,Male,3635.22
825,Isidro,Eves,Brazil,ievesmw@purevolume.com,Male,5399
826,Devondra,Maxwale,Brazil,dmaxwalemx@twitpic.com,Female,5119.3
827,Madonna,Pexton,Brazil,mpextonmy@soundcloud.com,Female,137.45
828,Gerta,Greenhead,Brazil,ggreenheadmz@cmu.edu,Female,627.66
829,Bowie,Astles,Brazil,bastlesn0@bloglovin.com,Male,4635.51
830,Hana,Acaster,Thailand,hacastern1@moonfruit.com,Female,730.55
831,Mischa,Broggio,Brazil,mbroggion2@fema.gov,Male,2651.41
832,Geraldine,Pollok,United States,gpollokn3@last.fm,Female,5108.96
833,Cal,Brodeur,United States,cbrodeurn4@comcast.net,Male,189.1
834,Aloisia,Gunnell,Brazil,agunnelln5@linkedin.com,Female,7895.37
835,Cameron,Enevoldsen,Brazil,cenevoldsenn6@theglobeandmail.com,Male,2043.06
836,Florri,Giacobelli,Brazil,fgiacobellin7@posterous.com,Female,3696.12
837,Bale,Gomm,Brazil,bgommn8@nbcnews.com,Male,7271.62
838,Teresa,Mattingly,United States,tmattinglyn9@dedecms.com,Female,5603.82
839,Ximenez,Sprigings,Brazil,xsprigingsna@springer.com,Male,3409.58
840,Bird,Snawden,Brazil,bsnawdennb@t-online.de,Female,644.9
841,Hurlee,Yeell,Brazil,hyeellnc@linkedin.com,Male,7205.7
842,Gottfried,Ellen,United States,gellennd@altervista.org,Male,4118.42
843,Saunder,Hannigane,Brazil,shanniganene@dailymotion.com,Male,1425.86
844,Briant,Titchmarsh,Thailand,btitchmarshnf@tripod.com,Male,4792.43
845,Baldwin,Roddan,Thailand,broddanng@cdc.gov,Male,1342.3
846,Hale,Ketteringham,Brazil,hketteringhamnh@google.com.au,Male,5691.12
847,Ansley,Greengrass,United States,agreengrassni@ebay.co.uk,Female,6593.26
848,Edgardo,Andino,United States,eandinonj@fotki.com,Male,1849.8
849,Demetria,Turville,United States,dturvillenk@typepad.com,Female,4242.41
850,Erich,Boyle,Brazil,eboylenl@about.me,Male,7223.01
851,Wat,Harome,Thailand,wharomenm@imdb.com,Male,6135.72
852,Tarra,Bridges,Australia,tbridgesnn@cmu.edu,Female,618.9
853,Evangelin,Roughan,Thailand,eroughanno@latimes.com,Female,4103.2
854,Jena,Vasyagin,Brazil,jvasyaginnp@dion.ne.jp,Female,2702.55
855,Cordell,Douglas,Thailand,cdouglasnq@aol.com,Male,6354.09
856,Domenico,Boullin,Brazil,dboullinnr@freewebs.com,Male,5899.35
857,Bathsheba,Sandeson,Brazil,bsandesonns@google.ru,Female,711.49
858,Mose,Baike,United States,mbaikent@upenn.edu,Male,5092.23
859,Michaella,Insley,Brazil,minsleynu@walmart.com,Female,834.72
860,Benjamin,Jerisch,Brazil,bjerischnv@symantec.com,Male,8468.32
861,Shannon,Beetles,Thailand,sbeetlesnw@joomla.org,Female,2836.85
862,Junina,Safhill,Thailand,jsafhillnx@statcounter.com,Female,988.71
863,Leonie,Bauman,Brazil,lbaumanny@weibo.com,Female,7783.25
864,Miles,Graben,Thailand,mgrabennz@google.ru,Male,5834.51
865,Viviana,Spancock,Brazil,vspancocko0@alibaba.com,Female,7304.63
866,Catina,Allam,Brazil,callamo1@51.la,Female,3292.7
867,Dorie,Rowet,United States,droweto2@army.mil,Female,4822.2
868,Jemima,Mearing,United States,jmearingo3@goo.gl,Female,57.17
869,Corella,Bygrave,Thailand,cbygraveo4@typepad.com,Female,7053.26
870,Mareah,Sawdon,United States,msawdono5@mozilla.com,Female,7234.16
871,Whitaker,Ridsdale,United States,wridsdaleo6@hexun.com,Male,2249.32
872,Caterina,McCullough,United States,cmccullougho7@washington.edu,Female,2983.09
873,Torie,Coghlan,Brazil,tcoghlano8@meetup.com,Female,2275.93
874,Washington,Pretty,Thailand,wprettyo9@kickstarter.com,Male,9001.41
875,Francesco,Legerton,United States,flegertonoa@gov.uk,Male,2691.8
876,Bernhard,Whapham,Brazil,bwhaphamob@free.fr,Male,4544.38
877,Red,Monaghan,Brazil,rmonaghanoc@ifeng.com,Male,6903.44
878,Lutero,Semiras,Brazil,lsemirasod@ftc.gov,Male,6818.03
879,Keir,Stranger,Brazil,kstrangeroe@cisco.com,Male,6387.25
880,Judd,Rooney,Brazil,jrooneyof@altervista.org,Male,3713.37
881,Haley,Hudleston,Thailand,hhudlestonog@a8.net,Male,3688
882,Lanny,Sherborn,Brazil,lsherbornoh@japanpost.jp,Male,7458.45
883,Emmet,Gilloran,United States,egilloranoi@usatoday.com,Male,9187.7
884,Dulcy,Bassil,United States,dbassiloj@elegantthemes.com,Female,2107.97
885,Waiter,Cromley,Brazil,wcromleyok@harvard.edu,Male,179.95
886,Dare,Treharne,Brazil,dtreharneol@tripod.com,Male,5338.92
887,Major,Garfoot,Brazil,mgarfootom@who.int,Male,6647.73
888,Simeon,Saunton,Brazil,ssauntonon@marriott.com,Male,6764.51
889,Humbert,Dorcey,Brazil,hdorceyoo@ucoz.ru,Male,1751.95
890,Shannah,D'Antoni,Brazil,sdantoniop@geocities.com,Female,6128.99
891,Dru,Sheward,Thailand,dshewardoq@joomla.org,Male,4035.97
892,Scottie,Jencey,United States,sjenceyor@discovery.com,Male,238.21
893,Bill,Zanicchi,Thailand,bzanicchios@cnet.com,Male,6500.27
894,Nonie,Lesaunier,Brazil,nlesaunierot@theglobeandmail.com,Female,2041.14
895,Zechariah,Dooher,Thailand,zdooherou@paginegialle.it,Male,57.52
896,Rycca,Mattiussi,Spain,rmattiussiov@tripadvisor.com,Female,4882.96
897,Fredi,Miguet,Brazil,fmiguetow@bbb.org,Female,5208.44
898,Katerina,Covil,Brazil,kcovilox@wikimedia.org,Female,1673.43
899,Maye,Burde,Brazil,mburdeoy@businessweek.com,Female,7039.8
900,Robby,Kerne,United States,rkerneoz@reddit.com,Male,7285.4
901,Lilla,Schohier,Brazil,lschohierp0@vk.com,Female,6924.9
902,Sandi,Boyne,Brazil,sboynep1@illinois.edu,Female,4765.99
903,Adiana,Greser,Brazil,agreserp2@cdc.gov,Female,9254.01
904,Jenn,Stapleton,Brazil,jstapletonp3@networkadvertising.org,Female,6459.86
905,Helli,Dennitts,Brazil,hdennittsp4@cornell.edu,Female,1711.88
906,Jerrold,Chalfant,United States,jchalfantp5@twitpic.com,Male,3991.71
907,Alvie,De la Yglesias,Brazil,adelayglesiasp6@yolasite.com,Male,9061.2
908,Ardith,Fardy,Brazil,afardyp7@de.vu,Female,7900.53
909,Addie,Waud,Spain,awaudp8@webnode.com,Male,5819.25
910,Kristofer,Bellfield,Brazil,kbellfieldp9@indiatimes.com,Male,7186.67
911,Tammy,Wittrington,Brazil,twittringtonpa@symantec.com,Male,6357.34
912,Tildie,Farloe,Thailand,tfarloepb@twitter.com,Female,8539.6
913,Giacinta,Breach,Brazil,gbreachpc@blogtalkradio.com,Female,5275.43
914,Julietta,Muir,Brazil,jmuirpd@merriam-webster.com,Female,3564.13
915,Genevra,Kinnin,United States,gkinninpe@rediff.com,Female,7506.95
916,Cheslie,Knowling,Thailand,cknowlingpf@ebay.com,Female,9956.78
917,Alicia,Welman,Thailand,awelmanpg@boston.com,Female,1415.02
918,Lorrayne,Hillburn,Brazil,lhillburnph@independent.co.uk,Female,2718.88
919,Coralyn,Hannabuss,United States,channabusspi@ycombinator.com,Female,5607.52
920,Gail,Gorwood,United States,ggorwoodpj@economist.com,Female,5881.58
921,Kristoforo,McGoon,Thailand,kmcgoonpk@nifty.com,Male,6133.21
922,Monty,Heugle,Thailand,mheuglepl@buzzfeed.com,Male,3174.43
923,Zebedee,Letchford,United States,zletchfordpm@chicagotribune.com,Male,9808.76
924,Violante,Lydiate,United States,vlydiatepn@webeden.co.uk,Female,4879.86
925,Fielding,Stirman,Brazil,fstirmanpo@si.edu,Male,3539.22
926,Nanette,Pentland,Brazil,npentlandpp@engadget.com,Female,2423.94
927,Cami,Chasen,Brazil,cchasenpq@usnews.com,Female,5538.72
928,Gleda,Kuban,Brazil,gkubanpr@miibeian.gov.cn,Female,268.52
929,Felipe,Pre,Thailand,fpreps@zdnet.com,Male,1489.76
930,Tess,Weathers,Brazil,tweatherspt@friendfeed.com,Female,9548.29
931,Henry,Sute,Brazil,hsutepu@tinyurl.com,Male,1181.89
932,Tiebout,Girardy,Spain,tgirardypv@canalblog.com,Male,2555.85
933,Woody,Muttitt,United States,wmuttittpw@examiner.com,Male,3108.84
934,Hobie,Petris,Brazil,hpetrispx@constantcontact.com,Male,930.1
935,Slade,Bertson,Australia,sbertsonpy@deviantart.com,Male,5977.41
936,Diann,Guarin,Thailand,dguarinpz@free.fr,Female,9244.72
937,Diarmid,Dutch,Brazil,ddutchq0@icq.com,Male,6457.09
938,Maurita,Saull,United States,msaullq1@comsenz.com,Female,8389.65
939,Kristoforo,Woolveridge,Brazil,kwoolveridgeq2@cyberchimps.com,Male,6806.98
940,Kippy,Torri,Thailand,ktorriq3@digg.com,Female,4447.82
941,Lorilee,Laurenz,Thailand,llaurenzq4@mapy.cz,Female,3801.19
942,Tasia,Hinners,Brazil,thinnersq5@rediff.com,Female,9347.34
943,Lorenzo,Albrighton,Brazil,lalbrightonq6@auda.org.au,Male,1773.12
944,Brittany,Christiensen,United States,bchristiensenq7@about.me,Female,2581.25
945,Querida,Nodes,United States,qnodesq8@domainmarket.com,Female,7167.87
946,Mikael,Southan,Brazil,msouthanq9@jugem.jp,Male,7245.89
947,Jonathon,Scown,United States,jscownqa@woothemes.com,Male,5959.96
948,Melinde,Harvie,Brazil,mharvieqb@lycos.com,Female,5097.39
949,Bard,Edgworth,Brazil,bedgworthqc@bloomberg.com,Male,8587.52
950,Derick,Pergens,Brazil,dpergensqd@census.gov,Male,7864.31
951,Ilsa,Dury,Brazil,iduryqe@chicagotribune.com,Female,4503.55
952,Paulie,Enga,United States,pengaqf@dailymail.co.uk,Female,4595.95
953,Rick,Cannan,United States,rcannanqg@google.ca,Male,6884.72
954,Alanna,Lytlle,Brazil,alytlleqh@intel.com,Female,3390.48
955,Giorgia,Yorkston,United States,gyorkstonqi@paginegialle.it,Female,4625.54
956,Davide,Hitter,Spain,dhitterqj@sun.com,Male,1796.21
957,Alix,Adamek,Thailand,aadamekqk@washingtonpost.com,Female,9504.55
958,Emmanuel,Lindley,Brazil,elindleyql@fotki.com,Male,2006.02
959,Lucinda,Waudby,Brazil,lwaudbyqm@microsoft.com,Female,1710.44
960,Roselin,Semon,Brazil,rsemonqn@cam.ac.uk,Female,7063.11
961,Sancho,Claringbold,Thailand,sclaringboldqo@ucoz.ru,Male,7851.87
962,Enrica,Marley,Brazil,emarleyqp@free.fr,Female,2470.39
963,Mollie,Aire,Thailand,maireqq@livejournal.com,Female,4300.4
964,Trace,Glenister,Brazil,tglenisterqr@oracle.com,Male,1801.55
965,Shannan,Castelluzzi,United States,scastelluzziqs@go.com,Male,6004.57
966,Leland,Allewell,Brazil,lallewellqt@ocn.ne.jp,Male,8077.73
967,Esmaria,Itzakson,Brazil,eitzaksonqu@tripod.com,Female,5955.5
968,Amerigo,Harrap,Brazil,aharrapqv@wiley.com,Male,8871.31
969,Inness,Loseke,Thailand,ilosekeqw@yelp.com,Male,1581.03
970,Niel,Nanetti,Brazil,nnanettiqx@godaddy.com,Male,6832.34
971,Wood,Berrington,Brazil,wberringtonqy@jugem.jp,Male,4842.92
972,Eric,Drowsfield,United States,edrowsfieldqz@cafepress.com,Male,5444.1
973,Nevin,Harmant,United States,nharmantr0@histats.com,Male,7329.33
974,Joycelin,Richardt,Australia,jrichardtr1@chicagotribune.com,Female,2148.93
975,Stella,Paulack,Brazil,spaulackr2@dailymail.co.uk,Female,645.37
976,Kory,Pascho,Brazil,kpaschor3@hao123.com,Male,4484.87
977,Murry,Szanto,United States,mszantor4@kickstarter.com,Male,296.68
978,Sven,Boschmann,United States,sboschmannr5@reddit.com,Male,1929.5
979,Salome,Mucklo,Thailand,smucklor6@livejournal.com,Female,7107.4
980,Bennie,Christy,Spain,bchristyr7@techcrunch.com,Female,727.41
981,Kathrine,Albrecht,Thailand,kalbrechtr8@i2i.jp,Female,5258.22
982,Hamid,Drynan,Brazil,hdrynanr9@washingtonpost.com,Male,7303.14
983,Erek,Senner,Thailand,esennerra@de.vu,Male,8060.38
984,Gwendolen,Jaffa,Thailand,gjaffarb@symantec.com,Female,5274.38
985,Lonny,Domerc,Thailand,ldomercrc@oakley.com,Male,6421.4
986,Korella,Kendrick,Brazil,kkendrickrd@nih.gov,Female,3349.98
987,Mattheus,Chaulk,United States,mchaulkre@drupal.org,Male,3664.11
988,Norris,Philipsson,Brazil,nphilipssonrf@altervista.org,Male,5391.56
989,Frank,Seamen,Thailand,fseamenrg@google.pl,Male,3248.89
990,Noami,Rodd,Thailand,nroddrh@reverbnation.com,Female,3535.52
991,Nichole,Race,Spain,nraceri@apache.org,Female,3029.26
992,Ave,Garrique,Thailand,agarriquerj@elpais.com,Male,1352.32
993,Florinda,Stanlack,Thailand,fstanlackrk@bbc.co.uk,Female,322.12
994,Rozelle,Wonter,Brazil,rwonterrl@seattletimes.com,Female,692.82
995,Manya,Sirman,Thailand,msirmanrm@youku.com,Female,868.25
996,Avrit,Seale,Brazil,asealern@google.it,Female,790.22
997,Michael,Germon,Brazil,mgermonro@oaic.gov.au,Male,407.29
998,Mellisent,Ditch,Thailand,mditchrp@yellowbook.com,Female,4749.83
999,Rowe,Shemilt,Thailand,rshemiltrq@vk.com,Female,6979.77
1000,Odell,Pickavant,United States,opickavantrr@istockphoto.com,Male,1558.39
